{
  "timestamp": "2026-04-30T11:18:54.788255+00:00",
  "bankroll": 4996.949999999998,
  "total_picks": 0,
  "tier_counts": {
    "S": 0,
    "A": 0,
    "B": 0
  },
  "total_exposure": 0,
  "picks": []
}