{
  "timestamp": "2026-04-24T12:07:42.530291+00:00",
  "bankroll": 4826.969999999999,
  "total_picks": 0,
  "tier_counts": {
    "S": 0,
    "A": 0,
    "B": 0
  },
  "total_exposure": 0,
  "picks": []
}