{
  "timestamp": "2026-04-25T12:09:21.015790+00:00",
  "bankroll": 4682.159999999999,
  "total_picks": 0,
  "tier_counts": {
    "S": 0,
    "A": 0,
    "B": 0
  },
  "total_exposure": 0,
  "picks": []
}