{
  "timestamp": "2026-04-15T23:54:52.872574+00:00",
  "bankroll": 5437.871818181817,
  "total_picks": 0,
  "tier_counts": {
    "S": 0,
    "A": 0,
    "B": 0
  },
  "total_exposure": 0,
  "picks": []
}