{
  "timestamp": "2026-04-27T11:18:57.874623+00:00",
  "bankroll": 5109.059999999999,
  "total_picks": 0,
  "tier_counts": {
    "S": 0,
    "A": 0,
    "B": 0
  },
  "total_exposure": 0,
  "picks": []
}