{
  "timestamp": "2026-04-26T11:18:04.530634+00:00",
  "bankroll": 4925.809999999999,
  "total_picks": 0,
  "tier_counts": {
    "S": 0,
    "A": 0,
    "B": 0
  },
  "total_exposure": 0,
  "picks": []
}