{
  "n": 17843,
  "mae": 0.6868864003000472,
  "bias": -0.0009158927635895726,
  "correlation": 0.16625898168021844
}